{
"texture":"grid1.png",
"startGreenVariance":0
,"radialAccelerationVariance":0
,"duration":-1
,"blendFactorSource":"one"
,"endGreen":255
,"tangentialAccelerationVariance":0
,"emitterType":0
,"startRedVariance":0
,"maxRadiusVariance":30
,"lifespan":2230
,"blendFactorDestination":"oneMinusSourceAlpha"
,"minRadius":20
,"lifespanVariance":7000
,"minRadiusVariance":10
,"startSize":20
,"tangentialAcceleration":0
,"rotatePerSecond":30
,"startSizeVariance":10
,"endRedVariance":0
,"rotatePerSecondVariance":10
,"endSize":10
,"maxRadius":100
,"startBlueVariance":0
,"endSizeVariance":5
,"emitterVariance":{"x":50,"y":10}
,"endBlue":255
,"emitAngle":94
,"emitter":{"x":0,"y":0}
,"emitAngleVariance":360
,"startBlue":255
,"startRotation":0
,"endBlueVariance":0
,"endAlphaVariance":0
,"engGreenVariance":0
,"gravity":{"x":0,"y":1000}
,"endRed":255
,"endRotationVariance":292.07
,"startRotationVariance":45
,"startAlphaVariance":0
,"speedVariance":0
,"startRed":255
,"maxParticles":20
,"speed":230
,"startAlpha":0.38823529411764707
,"startGreen":255
,"endRotation":263.58
,"radialAcceleration":0
,"endAlpha":1
}