{
"texture":"smoke.png",
"startGreenVariance":0
,"radialAccelerationVariance":10
,"duration":-1
,"blendFactorSource":"one"
,"startAlphaVariance":0.38823529411764707
,"endGreen":255
,"blendFactorDestination":"oneMinusSourceAlpha"
,"startRedVariance":0
,"maxRadiusVariance":30
,"lifespan":1000
,"emitter":{"x":60,"y":47}
,"minRadius":20
,"lifespanVariance":0
,"maxRadius":100
,"minRadiusVariance":10
,"startSize":80
,"tangentialAcceleration":0
,"rotatePerSecond":30
,"startSizeVariance":20
,"tangentialAccelerationVariance":0
,"rotatePerSecondVariance":10
,"endSize":40
,"startBlueVariance":0
,"endSizeVariance":20
,"emitterVariance":{"x":20,"y":10}
,"endBlue":255
,"emitAngle":0
,"endRedVariance":0
,"emitAngleVariance":360
,"emitterType":0
,"startBlue":255
,"startRotation":0
,"endBlueVariance":0
,"endAlphaVariance":0
,"engGreenVariance":0
,"gravity":{"x":1500,"y":1}
,"endRed":255
,"endRotationVariance":0
,"startRotationVariance":0
,"endRotation":0
,"speedVariance":0
,"startRed":255
,"maxParticles":30
,"speed":0
,"startAlpha":0.38823529411764707
,"startGreen":255
,"radialAcceleration":5
,"endAlpha":1
}